--
-- PostgreSQL database dump
--

-- Dumped from database version 12.3
-- Dumped by pg_dump version 13.2

-- Started on 2021-08-05 05:02:10

SET statement_timeout = 0;
SET lock_timeout = 0;
SET idle_in_transaction_session_timeout = 0;
SET client_encoding = 'UTF8';
SET standard_conforming_strings = on;
SELECT pg_catalog.set_config('search_path', '', false);
SET check_function_bodies = false;
SET xmloption = content;
SET client_min_messages = warning;
SET row_security = off;

--
-- TOC entry 2851 (class 1262 OID 32768)
-- Name: test_for_vita_soft2; Type: DATABASE; Schema: -; Owner: postgres
--

CREATE DATABASE test_for_vita_soft2 WITH TEMPLATE = template0 ENCODING = 'UTF8' LOCALE = 'Russian_Russia.1251';


ALTER DATABASE test_for_vita_soft2 OWNER TO postgres;

\connect test_for_vita_soft2

SET statement_timeout = 0;
SET lock_timeout = 0;
SET idle_in_transaction_session_timeout = 0;
SET client_encoding = 'UTF8';
SET standard_conforming_strings = on;
SELECT pg_catalog.set_config('search_path', '', false);
SET check_function_bodies = false;
SET xmloption = content;
SET client_min_messages = warning;
SET row_security = off;

SET default_tablespace = '';

SET default_table_access_method = heap;

--
-- TOC entry 203 (class 1259 OID 32771)
-- Name: application; Type: TABLE; Schema: public; Owner: postgres
--

CREATE TABLE public.application (
    id bigint NOT NULL,
    date date,
    status character varying(255),
    text character varying(255),
    user_id bigint
);


ALTER TABLE public.application OWNER TO postgres;

--
-- TOC entry 202 (class 1259 OID 32769)
-- Name: application_id_seq; Type: SEQUENCE; Schema: public; Owner: postgres
--

ALTER TABLE public.application ALTER COLUMN id ADD GENERATED BY DEFAULT AS IDENTITY (
    SEQUENCE NAME public.application_id_seq
    START WITH 1
    INCREMENT BY 1
    NO MINVALUE
    NO MAXVALUE
    CACHE 1
);


--
-- TOC entry 204 (class 1259 OID 32779)
-- Name: role; Type: TABLE; Schema: public; Owner: postgres
--

CREATE TABLE public.role (
    id bigint NOT NULL,
    role_name character varying(255)
);


ALTER TABLE public.role OWNER TO postgres;

--
-- TOC entry 206 (class 1259 OID 32786)
-- Name: usr; Type: TABLE; Schema: public; Owner: postgres
--

CREATE TABLE public.usr (
    id bigint NOT NULL,
    password character varying(255),
    username character varying(255)
);


ALTER TABLE public.usr OWNER TO postgres;

--
-- TOC entry 205 (class 1259 OID 32784)
-- Name: usr_id_seq; Type: SEQUENCE; Schema: public; Owner: postgres
--

ALTER TABLE public.usr ALTER COLUMN id ADD GENERATED BY DEFAULT AS IDENTITY (
    SEQUENCE NAME public.usr_id_seq
    START WITH 1
    INCREMENT BY 1
    NO MINVALUE
    NO MAXVALUE
    CACHE 1
);


--
-- TOC entry 207 (class 1259 OID 32794)
-- Name: usr_roles; Type: TABLE; Schema: public; Owner: postgres
--

CREATE TABLE public.usr_roles (
    user_id bigint NOT NULL,
    roles_id bigint NOT NULL
);


ALTER TABLE public.usr_roles OWNER TO postgres;

--
-- TOC entry 2841 (class 0 OID 32771)
-- Dependencies: 203
-- Data for Name: application; Type: TABLE DATA; Schema: public; Owner: postgres
--

INSERT INTO public.application (id, date, status, text, user_id) VALUES (1, '2021-08-04', 'draft', NULL, 1);
INSERT INTO public.application (id, date, status, text, user_id) VALUES (2, '2021-08-04', 'draft', NULL, 1);
INSERT INTO public.application (id, date, status, text, user_id) VALUES (3, '2021-08-04', 'draft', NULL, 1);
INSERT INTO public.application (id, date, status, text, user_id) VALUES (4, '2021-08-04', 'draft', NULL, 1);
INSERT INTO public.application (id, date, status, text, user_id) VALUES (7, '2021-08-04', 'draft', 'Я люблю попугаев', 4);
INSERT INTO public.application (id, date, status, text, user_id) VALUES (10, '2021-08-04', 'confirmed', 'Я люблю котят', 4);
INSERT INTO public.application (id, date, status, text, user_id) VALUES (9, '2021-08-04', 'refused', 'Я люблю собачек', 4);


--
-- TOC entry 2842 (class 0 OID 32779)
-- Dependencies: 204
-- Data for Name: role; Type: TABLE DATA; Schema: public; Owner: postgres
--

INSERT INTO public.role (id, role_name) VALUES (1, 'USER');
INSERT INTO public.role (id, role_name) VALUES (2, 'OPERATOR');
INSERT INTO public.role (id, role_name) VALUES (3, 'ADMIN');


--
-- TOC entry 2844 (class 0 OID 32786)
-- Dependencies: 206
-- Data for Name: usr; Type: TABLE DATA; Schema: public; Owner: postgres
--

INSERT INTO public.usr (id, password, username) VALUES (1, 'user', 'user');
INSERT INTO public.usr (id, password, username) VALUES (2, 'operator', 'operator');
INSERT INTO public.usr (id, password, username) VALUES (3, 'admin', 'admin');
INSERT INTO public.usr (id, password, username) VALUES (4, 'useroperator', 'useroperator');


--
-- TOC entry 2845 (class 0 OID 32794)
-- Dependencies: 207
-- Data for Name: usr_roles; Type: TABLE DATA; Schema: public; Owner: postgres
--

INSERT INTO public.usr_roles (user_id, roles_id) VALUES (1, 1);
INSERT INTO public.usr_roles (user_id, roles_id) VALUES (2, 2);
INSERT INTO public.usr_roles (user_id, roles_id) VALUES (3, 3);
INSERT INTO public.usr_roles (user_id, roles_id) VALUES (4, 1);
INSERT INTO public.usr_roles (user_id, roles_id) VALUES (4, 2);


--
-- TOC entry 2852 (class 0 OID 0)
-- Dependencies: 202
-- Name: application_id_seq; Type: SEQUENCE SET; Schema: public; Owner: postgres
--

SELECT pg_catalog.setval('public.application_id_seq', 10, true);


--
-- TOC entry 2853 (class 0 OID 0)
-- Dependencies: 205
-- Name: usr_id_seq; Type: SEQUENCE SET; Schema: public; Owner: postgres
--

SELECT pg_catalog.setval('public.usr_id_seq', 1, false);


--
-- TOC entry 2704 (class 2606 OID 32778)
-- Name: application application_pkey; Type: CONSTRAINT; Schema: public; Owner: postgres
--

ALTER TABLE ONLY public.application
    ADD CONSTRAINT application_pkey PRIMARY KEY (id);


--
-- TOC entry 2706 (class 2606 OID 32783)
-- Name: role role_pkey; Type: CONSTRAINT; Schema: public; Owner: postgres
--

ALTER TABLE ONLY public.role
    ADD CONSTRAINT role_pkey PRIMARY KEY (id);


--
-- TOC entry 2708 (class 2606 OID 32793)
-- Name: usr usr_pkey; Type: CONSTRAINT; Schema: public; Owner: postgres
--

ALTER TABLE ONLY public.usr
    ADD CONSTRAINT usr_pkey PRIMARY KEY (id);


--
-- TOC entry 2710 (class 2606 OID 32798)
-- Name: usr_roles usr_roles_pkey; Type: CONSTRAINT; Schema: public; Owner: postgres
--

ALTER TABLE ONLY public.usr_roles
    ADD CONSTRAINT usr_roles_pkey PRIMARY KEY (user_id, roles_id);


--
-- TOC entry 2713 (class 2606 OID 32809)
-- Name: usr_roles fk8fls6uiuo5dxpqdjk3y2p8v8a; Type: FK CONSTRAINT; Schema: public; Owner: postgres
--

ALTER TABLE ONLY public.usr_roles
    ADD CONSTRAINT fk8fls6uiuo5dxpqdjk3y2p8v8a FOREIGN KEY (user_id) REFERENCES public.usr(id);


--
-- TOC entry 2712 (class 2606 OID 32804)
-- Name: usr_roles fkatlsh4dmfdkl5m7rdvhrls5if; Type: FK CONSTRAINT; Schema: public; Owner: postgres
--

ALTER TABLE ONLY public.usr_roles
    ADD CONSTRAINT fkatlsh4dmfdkl5m7rdvhrls5if FOREIGN KEY (roles_id) REFERENCES public.role(id);


--
-- TOC entry 2711 (class 2606 OID 32799)
-- Name: application fkge6oyv30q2fdp7ogra1rq7d1o; Type: FK CONSTRAINT; Schema: public; Owner: postgres
--

ALTER TABLE ONLY public.application
    ADD CONSTRAINT fkge6oyv30q2fdp7ogra1rq7d1o FOREIGN KEY (user_id) REFERENCES public.usr(id);


-- Completed on 2021-08-05 05:02:10

--
-- PostgreSQL database dump complete
--

